PRODID,PIC1,PIC2,PIC3,PIC4
Amwallets0001BrowN,wallet1a.jpg,wallet1b.jpg,wallet1c.jpg,wallet1d.jpg
Amwallets0002BrowN,wallet2a.jpg,wallet2b.jpg,wallet2c.jpg,wallet2d.jpg
Amwallets0003GreeN,wallet3a.jpg,wallet3b.jpg,wallet3c.jpg,wallet3d.jpg
Amwallets0004BlacK,wallet4a.jpg,wallet4b.jpg,wallet4c.jpg,wallet4d.jpg
Amwallets0005BrowN,wallet5a.jpg,wallet5b.jpg,wallet5c.jpg,wallet5d.jpg
Amwallets0006BlacK,wallet6a.jpg,wallet6b.jpg,wallet6c.jpg,wallet6d.jpg
Amwallets0007BrowN,wallet7a.jpg,wallet7a.jpg,wallet7a.jpg,wallet7a.jpg
Amwallets0008BrowN,wallet8a.jpg,wallet8b.jpg,wallet8c.jpg,wallet8d.jpg
Amwallets0009BlacK,wallet9a.jpg,wallet9b.jpg,wallet9c.jpg,wallet9d.jpg
Amwallets0010BrowN,wallet10a.jpg,wallet10b.jpg,wallet10c.jpg,wallet10d.jpg
Amwallets0011BrowN,wallet11a.jpg,wallet11b.jpg,wallet11c.jpg,wallet11d.jpg
Amwallets0012BrowN,wallet12a.jpg,wallet12b.jpg,wallet12c.jpg,wallet12a.jpg
Amwallets0013BrowN,wallet13a.jpg,wallet13b.jpg,wallet13c.jpg,wallet13d.jpg
Amwallets0014BrowN,wallet14a.jpg,wallet14b.jpg,wallet14c.jpg,wallet14d.jpg
Amwallets0015BlacK,wallet15a.jpg,wallet15b.jpg,wallet15c.jpg,wallet15d.jpg
Ascarf0001GreeN,scarf1a.jpg,scarf1b.jpg,,
Ascarf0002BlacK,scarf2a.jpg,scarf2b.jpg,,
Ascarf0003BluE,scarf3a.jpg,scarf3b.jpg,,
Ascarf0004BlacK,scarf4a.jpg,scarf4b.jpg,,
Ascarf0005WhitE,scarf5a.jpg,scarf5b.jpg,,
Ascarf0006GreeN,scarf6a.jpg,scarf6b.jpg,,
Ascarf0007ReD,scarf7a.jpg,scarf7a.jpg,,
Ascarf0008GreeN,scarf8a.jpg,scarf8b.jpg,,
Ascarf0009PinK,scarf9a.jpg,scarf9b.jpg,,
Ascarf0010YelloW,scarf10a.jpg,scarf10b.jpg,,
Ascarf0011GreeN,scarf11a.jpg,scarf11b.jpg,,
Ascarf0012MultiColoR,scarf12a.jpg,scarf12b.jpg,,
Ascarf0013GreY,scarf13a.jpg,scarf13b.jpg,,
Ascarf0014BrowN,scarf14a.jpg,scarf14b.jpg,,
Ascarf0015PurplE,scarf15a.jpg,scarf15b.jpg,,
Atie0001ReD,tie1a.jpg,tie1b.jpg,tie1c.jpg,
Atie0002ReD,tie2a.jpg,tie2b.jpg,tie2c.jpg,
Atie0003BlacK,tie3a.jpg,tie3b.jpg,tie3c.jpg,
Atie0004BlacK,tie4a.jpg,tie4b.jpg,tie4c.jpg,
Atie0005BlacK,tie5a.jpg,tie5b.jpg,tie5c.jpg,
Atie0006BluE,tie6a.jpg,tie6b.jpg,tie6c.jpg,
Atie0007BluE,tie7a.jpg,tie7a.jpg,tie7a.jpg,
Atie0008BlacK,tie8a.jpg,tie8b.jpg,tie8c.jpg,
Atie0009bLUe,tie9a.jpg,tie9b.jpg,tie9c.jpg,
Atie0010WhitE,tie10a.jpg,tie10b.jpg,tie10c.jpg,
Atie0011BluE,tie11a.jpg,tie11b.jpg,tie11c.jpg,
Atie0012BluE,tie12a.jpg,tie12b.jpg,tie12c.jpg,
Atie0013Black,tie13a.jpg,tie13b.jpg,tie13c.jpg,
Atie0014Purple,tie14a.jpg,tie14b.jpg,tie14c.jpg,
Atie0015BrowN,tie15a.jpg,tie15b.jpg,tie15c.jpg,
Fkids0001MultiColoR,kfootwear1a.jpg,kfootwear1b.jpg,kfootwear1c.jpg,kfootwear1d.jpg
Fkids0002GreY,kfootwear2a.jpg,kfootwear2b.jpg,kfootwear2c.jpg,kfootwear2d.jpg
Fkids0003BrowN,kfootwear3a.jpg,kfootwear3b.jpg,kfootwear3c.jpg,kfootwear3d.jpg
Fkids0004PinK,kfootwear4a.jpg,kfootwear4b.jpg,kfootwear4c.jpg,kfootwear4d.jpg
Fkids0005BluE,kfootwear5a.jpg,kfootwear5b.jpg,kfootwear5c.jpg,kfootwear5d.jpg
Fkids0006BluE,kfootwear6a.jpg,kfootwear6b.jpg,kfootwear6c.jpg,kfootwear6d.jpg
Fkids0007BluE,kfootwear7a.jpg,kfootwear7a.jpg,kfootwear7a.jpg,kfootwear7a.jpg
Fkids0008GreeN,kfootwear8a.jpg,kfootwear8b.jpg,kfootwear8c.jpg,kfootwear8d.jpg
Fkids0009GreY,kfootwear9a.jpg,kfootwear9b.jpg,kfootwear9c.jpg,kfootwear9d.jpg
Fkids0010GreY,kfootwear10a.jpg,kfootwear10b.jpg,kfootwear10c.jpg,kfootwear10d.jpg
Fkids0011ReD,kfootwear11a.jpg,kfootwear11b.jpg,kfootwear11c.jpg,kfootwear11d.jpg
Fkids0012BlacK,kfootwear12a.jpg,kfootwear12b.jpg,kfootwear12c.jpg,kfootwear12a.jpg
Fkids0013BluE,kfootwear13a.jpg,kfootwear13b.jpg,kfootwear13c.jpg,kfootwear13d.jpg
Fkids0014BlacK,kfootwear14a.jpg,kfootwear14b.jpg,kfootwear14c.jpg,kfootwear14d.jpg
Fkids0015WhitE,kfootwear15a.jpg,kfootwear15b.jpg,kfootwear15c.jpg,kfootwear15d.jpg
Mcasuals0001BluE,casual1a.jpg,casual1b.jpg,casual1c.jpg,casual1d.jpg
Mcasuals0002WhitE,casual3a.jpg,casual3b.jpg,casual3c.jpg,casual3d.jpg
Mcasuals0003MultiColoR,casual5a.jpg,casual5b.jpg,casual5c.jpg,casual5d.jpg
Mcasuals0004BrowN,casual7a.jpg,casual7b.jpg,casual7c.jpg,casual7d.jpg
Mcasuals0005MultiColoR,casual9a.jpg,casual9b.jpg,casual9c.jpg,casual9d.jpg
Mcasuals0006BluE,casual11a.jpg,casual11b.jpg,casual11c.jpg,casual11d.jpg
Mcasuals0007ReD,casual13a.jpg,casual13b.jpg,casual13c.jpg,casual13d.jpg
Mcasuals0008GreeN,casual15a.jpg,casual15b.jpg,casual15c.jpg,casual15d.jpg
Mcasuals0009BluE,casual2a.jpg,casual2b.jpg,casual2c.jpg,casual2d.jpg
Mcasuals0010WhitE,casual4a.jpg,casual4b.jpg,casual4c.jpg,casual4d.jpg
Mcasuals0011BluE,casual6a.jpg,casual6b.jpg,casual6c.jpg,casual6d.jpg
Mcasuals0012ReD,casual8a.jpg,casual8b.jpg,casual8c.jpg,casual8d.jpg
Mcasuals0013BlacK,casual10a.jpg,casual10b.jpg,casual10c.jpg,casual10d.jpg
Mcasuals0014BeigE,casual12a.jpg,casual12b.jpg,casual12c.jpg,casual12d.jpg
Mcasuals0015BlacK,casual14a.jpg,casual14b.jpg,casual14c.jpg,casual14d.jpg
Mformals0001BluE,formal1a.jpg,formal1b.jpg,formal1c.jpg,formal1d.jpg
Mformals0002MarooN,formal3a.jpg,formal3b.jpg,formal3c.jpg,formal3d.jpg
Mformals0003BluE,formal5a.jpg,formal5b.jpg,formal5c.jpg,formal5d.jpg
Mformals0004BlacK,formal7a.jpg,formal7b.jpg,formal7c.jpg,formal7d.jpg
Mformals0005MarooN,formal9a.jpg,formal9b.jpg,formal9c.jpg,formal9d.jpg
Mformals0006PurplE,formal11a.jpg,formal11b.jpg,formal11c.jpg,formal11d.jpg
Mformals0007GreeN,formal13a.jpg,formal13b.jpg,formal13c.jpg,formal13d.jpg
Mformals0008BlacK,formal15a.jpg,formal15b.jpg,formal15c.jpg,formal15d.jpg
Mformals0009PurplE,formal2a.jpg,formal2b.jpg,formal2c.jpg,formal2d.jpg
Mformals0010BlacK,formal4a.jpg,formal4b.jpg,formal4c.jpg,formal4d.jpg
Mformals0011BlacK,formal6a.jpg,formal6b.jpg,formal6c.jpg,formal6d.jpg
Mformals0012BluE,formal8a.jpg,formal8b.jpg,formal8c.jpg,formal8d.jpg
Mformals0013PurplE,formal10a.jpg,formal10b.jpg,formal10c.jpg,formal10d.jpg
Mformals0014BluE,formal12a.jpg,formal12b.jpg,formal12c.jpg,formal12d.jpg
Mformals0015ReD,formal14a.jpg,formal14b.jpg,formal14c.jpg,formal14d.jpg
Mjeans0001GreY,jean1a.jpg,jean1b.jpg,,
Mjeans0002BluE,jean2a.jpg,jean2b.jpg,,
Mjeans0003WhitE,jean3a.jpg,jean3b.jpg,,
Mjeans0004BluE,jean4a.jpg,jean4b.jpg,,
Mjeans0005PinK,jean5a.jpg,jean5b.jpg,,
Mjeans0006GreY,jean6a.jpg,jean6b.jpg,,
Mjeans0007BrowN,jean7a.jpg,jean7a.jpg,,
Mjeans0008BluE,jean8a.jpg,jean8b.jpg,,
Mjeans0009GreY,jean9a.jpg,jean9b.jpg,,
Mjeans0010GreeN,jean10a.jpg,jean10b.jpg,,
Wdresses0001GreeN,dress1a.jpg,dress1b.jpg,dress1c.jpg,dress1d.jpg
Wdresses0002BlacK,dress3a.jpg,dress3b.jpg,dress3c.jpg,dress3d.jpg
Wdresses0003BluE,dress5a.jpg,dress5b.jpg,dress5c.jpg,dress5d.jpg
Wdresses0004YelloW,dress7a.jpg,dress7b.jpg,dress7c.jpg,dress7d.jpg
Wdresses0005GreeN,dress9a.jpg,dress9b.jpg,dress9c.jpg,dress9d.jpg
Wdresses0006PinK,dress11a.jpg,dress11b.jpg,dress11c.jpg,dress11d.jpg
Wdresses0007ReD,dress13a.jpg,dress13b.jpg,dress13c.jpg,dress13d.jpg
Wdresses0008BluE,dress15a.jpg,dress15b.jpg,dress15c.jpg,dress15d.jpg
Wdresses0009GreeN,dress2a.jpg,dress2b.jpg,dress2c.jpg,dress2d.jpg
Wdresses0010BlacK,dress4a.jpg,dress4b.jpg,dress4c.jpg,dress4d.jpg
Wdresses0011BluE,dress6a.jpg,dress6b.jpg,dress6c.jpg,dress6d.jpg
Wdresses0012YelloW,dress8a.jpg,dress8b.jpg,dress8c.jpg,dress8d.jpg
Wdresses0013GreeN,dress10a.jpg,dress10b.jpg,dress10c.jpg,dress10d.jpg
Wdresses0014PurplE,dress12a.jpg,dress12b.jpg,dress12c.jpg,dress12d.jpg
Wdresses0015OrangE,dress14a.jpg,dress14b.jpg,dress14c.jpg,dress14d.jpg
Wkurti0001BlacK,kurti1a.jpg,kurti1b.jpg,kurti1c.jpg,kurti1d.jpg
Wkurti0002BluE,kurti3a.jpg,kurti3b.jpg,kurti3c.jpg,kurti3d.jpg
Wkurti0003PinK,kurti5a.jpg,kurti5b.jpg,kurti5c.jpg,kurti5d.jpg
Wkurti0004ReD,kurti7a.jpg,kurti7b.jpg,kurti7c.jpg,kurti7d.jpg
Wkurti0005GreeN,kurti9a.jpg,kurti9b.jpg,kurti9c.jpg,kurti9d.jpg
Wkurti0006YelloW,kurti11a.jpg,kurti11b.jpg,kurti11c.jpg,kurti11d.jpg
Wkurti0007PurplE,kurti13a.jpg,kurti13b.jpg,kurti13c.jpg,kurti13d.jpg
Wkurti0008GreeN,kurti15a.jpg,kurti15b.jpg,kurti15c.jpg,kurti15d.jpg
Wkurti0009BlacK,kurti2a.jpg,kurti2b.jpg,kurti2c.jpg,kurti2d.jpg
Wkurti0010BluE,kurti4a.jpg,kurti4b.jpg,kurti4c.jpg,kurti4d.jpg
Wkurti0011PinK,kurti6a.jpg,kurti6b.jpg,kurti6c.jpg,kurti6d.jpg
Wkurti0012PurplE,kurti8a.jpg,kurti8b.jpg,kurti8c.jpg,kurti8d.jpg
Wkurti0013GreeN,kurti10a.jpg,kurti10b.jpg,kurti10c.jpg,kurti10d.jpg
Wkurti0014YelloW,kurti12a.jpg,kurti12b.jpg,kurti12c.jpg,kurti12d.jpg
Wkurti0015ReD,kurti14a.jpg,kurti14b.jpg,kurti14c.jpg,kurti14d.jpg
Amwatches0001BrowN,mwatch1a.jpg,mwatch1b.jpg,mwatch1c.jpg,nil
Amwatches0002BlacK,mwatch2a.jpg,mwatch2b.jpg,mwatch2c.jpg,mwatch2d.jpg
Amwatches0003BlacK,mwatch3a.jpg,mwatch3b.jpg,mwatch3c.jpg,mwatch3d.jpg
Amwatches0004OlivegreeN,mwatch4a.jpg,mwatch4b.jpg,mwatch4c.jpg,mwatch4d.jpg
Amwatches0005BluE,mwatch5a.jpg,mwatch5b.jpg,mwatch5c.jpg,mwatch5d.jpg
Amwatches0006BluE,mwatch6a.jpg,mwatch6b.jpg,mwatch6c.jpg,nil
Amwatches0007GolD,mwatch7a.jpg,mwatch7b.jpg,mwatch7c.jpg,nil
Amwatches0008SilveR,mwatch8a.jpg,mwatch8b.jpg,mwatch8c.jpg,nil
Amwatches0009BrowN,mwatch9a.jpg,mwatch9b.jpg,mwatch9c.jpg,mwatch9d.jpg
Amwatches0010BluE,mwatch10a.jpg,mwatch10b.jpg,mwatch10c.jpg,nil
Amwatches0011BlacK,mwatch11a.jpg,mwatch11b.jpg,mwatch11c.jpg,nil
Amwatches0012BlacK,mwatch12a.jpg,mwatch12b.jpg,mwatch12c.jpg,nil
Amwatches0013BlacK,mwatch13a.jpg,mwatch13b.jpg,mwatch13c.jpg,nil
Amwatches0014BlacK,mwatch14a.jpg,mwatch14b.jpg,nil,nil
Amwatches0015BlacK,mwatch15a.jpg,mwatch15b.jpg,mwatch15c.jpg,nil
KBtrousers0001orange,btrouser1a.jpg,btrouser1b.jpg,btrouser1c.jpg,
KBtrousers0002green,btrouser2a.jpg,btrouser2b.jpg,btrouser2c.jpg,
KBtrousers0003blue,btrouser3a.jpg,btrouser3b.jpg,btrouser3c.jpg,
KBtrousers0004white,btrouser4a.jpg,btrouser4b.jpg,btrouser4c.jpg,
KBtrousers0005navyblue,btrouser5a.jpg,btrouser5b.jpg,btrouser5c.jpg,btrouser5d.jpg
KBtrousers0006brown,btrouser6a.jpg,btrouser6b.jpg,btrouser6c.jpg,
KBtrousers0007yellowwhite,btrouser7a.jpg,btrouser7b.jpg,btrouser7c.jpg,
KBtrousers0008brown,btrouser8a.jpg,btrouser8b.jpg,btrouser8c.jpg,
KBtrousers0009blue,btrouser9a.jpg,btrouser9b.jpg,btrouser9c.jpg,
KBtrousers0010blue,btrouser10a.jpg,btrouser10b.jpg,btrouser10c.jpg,
KBtrousers0011denim,btrouser11a.jpg,btrouser11b.jpg,btrouser11c.jpg,
KBtrousers0012blue,btrouser12a.jpg,btrouser12b.jpg,btrouser12c.jpg,
KBtrousers0013blue,btrouser13a.jpg,btrouser13b.jpg,btrouser13c.jpg,
KBtrousers0014gray,btrouser14a.jpg,btrouser14b.jpg,btrouser14c.jpg,
KBtrousers0015blue,btrouser15a.jpg,btrouser15b.jpg,btrouser15c.jpg,
KBtshirt0001olivegreen,btshirt1a.jpg,btshirt1b.jpg,btshirt1c.jpg,btshirt1d.jpg
KBtshirt0002blue,btshirt2a.jpg,btshirt2b.jpg,btshirt2c.jpg,
KBtshirt0003blue,btshirt3a.jpg,btshirt3b.jpg,btshirt3c.jpg,
KBtshirt0004green,btshirt4a.jpg,btshirt4b.jpg,btshirt4c.jpg,
KBtshirt0005olivegreen,btshirt5c.jpg,btshirt5b.jpg,btshirt5a.jpg,
KBtshirt0006blue,btshirt6a.jpg,btshirt6b.jpg,btshirt6c.jpg,
KBtshirt0007white,btshirt7a.jpg,btshirt7b.jpg,btshirt7c.jpg,
KBtshirt0008blue,btshirt8a.jpg,btshirt8b.jpg,btshirt8c.jpg,btshirt8d.jpg
KBtshirt0009red,btshirt9a.jpg,btshirt9b.jpg,btshirt9c.jpg,
KBtshirt0010white,btshirt10a.jpg,btshirt10b.jpg,,
KBtshirt0011blue,btshirt11a.jpg,btshirt11b.jpg,btshirt11c.jpg,btshirt11d.jpg
KBtshirt0012grey,btshirt12a.jpg,btshirt12b.jpg,btshirt12c.jpg,
KBtshirt0013red,btshirt13a.jpg,btshirt13b.jpg,btshirt13c.jpg,
KBtshirt0014peach,btshirt14a.jpg,btshirt14b.jpg,btshirt14c.jpg,
KBtshirt0015pink,btshirt15a.jpg,btshirt15b.jpg,btshirt15c.jpg,
KGfrock0001white,gfrock1a.jpg,gfrock1b.jpg,gfrock1c.jpg,
KGfrock0002multicolor,gfrock2a.jpg,gfrock2b.jpg,gfrock2c.jpg,
KGfrock0003black,gfrock3a.jpg,gfrock3b.jpg,gfrock3c.jpg,
KGfrock0004red,gfrock4a.jpg,gfrock4b.jpg,gfrock4c.jpg,
KGfrock0005red,gfrock5a.jpg,gfrock5b.jpg,gfrock5c.jpg,
KGfrock0006pink,gfrock6a.jpg,gfrock6b.jpg,,
KGfrock0007blue,gfrock7a.jpg,gfrock7b.jpg,,
KGfrock0008black,gfrock8a.jpg,gfrock8b.jpg,,
KGfrock0009creamwhite,gfrock9a.jpg,gfrock9b.jpg,,
KGfrock0010violet,gfrock10a.jpg,gfrock10b.jpg,,
KGfrock0011blue,gfrock11a.jpg,gfrock11b.jpg,,
KGfrock0012pink,gfrock12a.jpg,gfrock12b.jpg,,
KGfrock0013blue,gfrock13a.jpg,gfrock13b.jpg,gfrock13c.jpg,gfrock13d.jpg
KGfrock0014black,gfrock14a.jpg,gfrock14b.jpg,gfrock14c.jpg,gfrock14d.jpg
KGfrock0015red,gfrock15a.jpg,gfrock15b.jpg,gfrock15c.jpg,
KGskirtsandtops0001pink,gskirtsandtops1a.jpg,gskirtsandtops1b.jpg,gskirtsandtops1c.jpg,
KGskirtsandtops0002green,gskirtsandtops2a.jpg,gskirtsandtops2b.jpg,gskirtsandtops2c.jpg,gskirtsandtops2d.jpg
KGskirtsandtops0003yellow,gskirtsandtops3a.jpg,gskirtsandtops3b.jpg,gskirtsandtops3c.jpg,gskirtsandtops3d.jpg
KGskirtsandtops0004purple,gskirtsandtops4a.jpg,gskirtsandtops4b.jpg,gskirtsandtops4c.jpg,gskirtsandtops4d.jpg
KGskirtsandtops0005navyblue,gskirtsandtops5a.jpg,gskirtsandtops5b.jpg,gskirtsandtops5c.jpg,
KGskirtsandtops0006red,gskirtsandtops6a.jpg,gskirtsandtops6b.jpg,gskirtsandtops6c.jpg,
KGskirtsandtops0007blue,gskirtsandtops7a.jpg,gskirtsandtops7b.jpg,gskirtsandtops7c.jpg,
KGskirtsandtops0008sapphire,gskirtsandtops8a.jpg,gskirtsandtops8b.jpg,gskirtsandtops8c.jpg,gskirtsandtops8d.jpg
KGskirtsandtops0009pink,gskirtsandtops9a.jpg,gskirtsandtops9b.jpg,gskirtsandtops9c.jpg,
KGskirtsandtops0010blue,gskirtsandtops10a.jpg,gskirtsandtops10b.jpg,gskirtsandtops10c.jpg,
KGskirtsandtops0011white,gskirtsandtops11a.jpg,gskirtsandtops11b.jpg,gskirtsandtops11c.jpg,
KGskirtsandtops0012denim,gskirtsandtops12a.jpg,gskirtsandtops12b.jpg,gskirtsandtops12c.jpg,gskirtsandtops12d.jpg
KGskirtsandtops0013blue,gskirtsandtops13a.jpg,gskirtsandtops13b.jpg,gskirtsandtops13c.jpg,gskirtsandtops13d.jpg
KGskirtsandtops0014black,gskirtsandtops14a.jpg,gskirtsandtops14b.jpg,gskirtsandtops14c.jpg,
KGskirtsandtops0015white,gskirtsandtops15a.jpg,gskirtsandtops15b.jpg,gskirtsandtops15c.jpg,gskirtsandtops15d.jpg
Mtshirt0001grey,tshirt1b.jpg,tshirt1a.jpg,tshirt1c.jpg,tshirt1d.jpg
Mtshirt0002black,tshirt2a.jpg,tshirt2b.jpg,tshirt2c.jpg,tshirt2d.jpg
Mtshirt0003marvel,tshirt3a.jpg,tshirt3b.jpg,tshirt3c.jpg,tshirt3d.jpg
Mtshirt0004white,tshirt4a.jpg,tshirt4b.jpg,tshirt4c.jpg,tshirt4d.jpg
Mtshirt0005neongreen,tshirt5a.jpg,tshirt5b.jpg,,
Mtshirt0006blue,tshirt6a.jpg,tshirt6b.jpg,tshirt6c.jpg,tshirt6d.jpg
Mtshirt0007peach,tshirt7a.jpg,tshirt7b.jpg,,
Mtshirt0008black,tshirt8a.jpg,tshirt8b.jpg,tshirt8c.jpg,tshirt8d.jpg
Mtshirt0009white,tshirt9a.jpg,tshirt9b.jpg,,
Mtshirt0010white,tshirt10a.jpg,tshirt10b.jpg,tshirt10c.jpg,tshirt10d.jpg
Mtshirt0011peach,tshirt11a.jpg,tshirt11b.jpg,tshirt11c.jpg,tshirt11d.jpg
Mtshirt0012black,tshirt12a.jpg,tshirt12b.jpg,tshirt12c.jpg,tshirt12d.jpg
Mtshirt0013white,tshirt13a.jpg,tshirt13b.jpg,tshirt13c.jpg,tshirt13d.jpg
Mtshirt0014white,tshirt14a.jpg,tshirt14b.jpg,tshirt14c.jpg,tshirt14d.jpg
Mtshirt0015sapphire,tshirt15a.jpg,tshirt15b.jpg,tshirt15c.jpg,tshirt15d.jpg
WAcsHB145801BlUeSliNG,handbag1a.jpeg,handbag1b.jpeg,handbag1c.jpeg,
WAcsHB145802BrOWnSliNG,handbag2a.jpeg,handbag2b.jpeg,handbag2c.jpeg,handbag2d.jpeg
WAcsHB145803BlUeSliNG,handbag3a.jpeg,handbag3b.jpeg,handbag3c.jpeg,handbag3d.jpeg
WAcsHB145804GrEYHanDBag,handbag4a.jpeg,handbag4b.jpeg,handbag4c.jpeg,
WAcsHB145805BlUeSliNG,handbag5a.jpeg,handbag5b.jpeg,handbag5c.jpeg,handbag5d.jpeg
WAcsHB145806BlUeSliNG,handbag6a.jpeg,handbag6b.jpeg,handbag6c.jpeg,
WAcsHB145807TanSliNG,handbag7a.jpeg,handbag7b.jpeg,handbag7c.jpeg,handbag7d.jpeg
WAcsHB145808BlUeSliNG,handbag8a.jpeg,handbag8b.jpeg,handbag8c.jpeg,handbag8d.jpeg
WAcsHB145809BlkSliNG,handbag9a.jpeg,handbag9b.jpeg,handbag9c.jpeg,
WAcsHB145810WTSliNG,handbag10a.jpeg,handbag10b.jpeg,handbag10c.jpeg,
WAcsHB145811WTChaiN,handbag11a.jpeg,handbag11b.jpeg,handbag11c.jpeg,
WAcsHB145812CRsBdybg,handbag12a.jpeg,handbag12b.jpeg,,
WAcsHB145813TaNSliNG,handbag13a.jpeg,handbag13b.jpeg,handbag13c.jpeg,handbag13d.jpeg
WAcsHB145814SiLVerComBO,handbag14b.jpeg,handbag14a.jpeg,handbag14c.jpeg,handbag14d.jpeg
WAcsHB145815CRsBdYSliNG,handbag15a.jpeg,handbag15b.jpeg,handbag15c.jpeg,handbag15d.jpeg
WAcsWaTCh566001AnaLGMEtal,watch1a.jpeg,watch1b.jpeg,,
WAcsWaTCh566002AnaLGMEtal,watch2a.jpeg,watch2b.jpeg,,
WAcsWaTCh566003AnaLGMEtal,watch3a.jpeg,watch3b.jpeg,watch3c.jpeg,
WAcsWaTCh566004AnaLGMEtal,watch4a.jpeg,watch4b.jpeg,watch4c.jpeg,
WAcsWaTCh566005AnaLGpu,watch5a.jpeg,watch5b.jpeg,watch5c.jpeg,
WAcsWaTCh566006AnaLGLeAthER,watch6a.jpeg,watch6b.jpeg,watch6c.jpeg,
WAcsWaTCh566007AnaLGMeTaL,watch7a.jpeg,watch7b.jpeg,watch7c.jpeg,watch7d.jpeg
WAcsWaTCh566008AnaLGLeAthER,watch8a.jpeg,watch8b.jpeg,watch8c.jpeg,
WAcsWaTCh566009AnaLGMEtal,watch9a.jpeg,watch9b.jpeg,,
WAcsWaTCh566010AnaLGMEtal,watch10a.jpeg,watch10b.jpeg,watch10c.jpeg,
WAcsWaTCh566011AnaLGMEtal,watch11a.jpeg,watch11b.jpeg,watch11c.jpeg,
WAcsWaTCh566012AnaLGMEtal,watch12a.jpeg,watch12b.jpeg,watch12c.jpeg,
WCuloTTes10003GreYElasTaNE,palazzo3a.jpeg,palazzo3b.jpeg,palazzo3c.jpeg,
WCuloTTes10004RedPlAiN,palazzo4a.jpeg,palazzo4b.jpeg,palazzo4c.jpeg,
WCuloTTes10005JeTBLack,palazzo5a.jpeg,palazzo5b.jpeg,palazzo5c.jpeg,
WCuloTTes10008NAvyPRinTEd,palazzo8a.jpeg,palazzo8b.jpeg,palazzo8c.jpeg,
WPalAZzo10001GreYPRinted,palazzo1a.jpeg,palazzo1b.jpeg,palazzo1c.jpeg,
WPalAZzo10002GreYPRinted,palazzo2a.jpeg,palazzo2b.jpeg,,
WPalAZzo10006BLackPlAiN,palazzo6a.jpeg,palazzo6b.jpeg,,
WPalAZzo10007BLackPRinTEd,palazzo7a.jpeg,palazzo7b.jpeg,,
WPalAZzo10009BluEflaRedPRinted,palazzo9a.jpeg,palazzo9b.jpeg,palazzo9c.jpeg,palazzo9d.jpeg
WPalAZzo10010AqUA,palazzo10a.jpeg,palazzo10b.jpeg,palazzo10c.jpeg,
WPalAZzo10011BLueTropPrinT,palazzo11a.jpeg,palazzo11b.jpeg,palazzo11c.jpeg,
WPalAZzo10012GreENPRinted,palazzo12a.jpeg,palazzo12b.jpeg,palazzo12c.jpeg,
WPalAZzo10013GreYPRinted,palazzo13a.jpeg,palazzo13b.jpeg,palazzo13c.jpeg,
WPalAZzo10014MagentaPRinted,palazzo14a.jpeg,palazzo14b.jpeg,palazzo14c.jpeg,
WPalAZzo10015ReDPRinted,palazzo15a.jpeg,palazzo15b.jpeg,palazzo15c.jpeg,
WweSTErnBotToM12312BlKDeNIM,western12a.jpeg,western12b.jpeg,,
WweSTErnBotToM12313BlUeDeNIM,western13a.jpeg,western13b.jpeg,,
WweSTErnBotToM12314BlkDeNIM,western14a.jpeg,western14b.jpeg,western14c.jpeg,
WweSTErnBotToM12315BlkDeNIM,western15a.jpeg,western15b.jpeg,western15c.jpeg,
WweSTErnBotToM12316WTDeNIM,western16a.jpeg,western16b.jpeg,western16c.jpeg,
WweSTErnJaCKEt12311DeNiM,western11a.jpeg,western11b.jpeg,western11c.jpeg,
WweSTErnToP12301FloPrintSHort,western1a.jpeg,western1b.jpeg,western1c.jpeg,
WweSTErnToP12302StriPPEdtSHort,western2a.jpeg,western2b.jpeg,western2c.jpeg,western2d.jpeg
WweSTErnToP12303SoLiDpetePanNK,western3a.jpeg,western3b.jpeg,,
WweSTErnToP12304SoLiDToP,western4a.jpeg,western4b.jpeg,western4c.jpeg,
WweSTErnToP12305FloPrintSHort,western5a.jpeg,western5b.jpeg,western5c.jpeg,
WweSTErnToP12306FloPrintSHort,western6a.jpeg,western6b.jpeg,western6c.jpeg,
WweSTErnToP12307SoLidSliMSHort,western7a.jpeg,western7b.jpeg,western7c.jpeg,
WweSTErnToP12308SoLiDToP,western8a.jpeg,western8b.jpeg,western8c.jpeg,
WweSTErnToP12309SoLiDToP,western9a.jpeg,western9b.jpeg,,
WweSTErnToP12310SoLiDToP,western10a.jpeg,western10b.jpeg,western10c.jpeg,
Wsaree0001beige,sar1a.jpeg,sar1b.jpeg,sar1c.jpeg,sar1d.jpeg
Wsaree0002blue,sar2a.jpeg,sar2b.jpeg,sar2c.jpeg,sar2d.jpeg
Wsaree0003red,sar3a.jpeg,sar3b.jpeg,sar3c.jpeg,sar3d.jpeg
Wsaree0004green,sar4a.jpeg,sar4b.jpeg,sar4c.jpeg,sar4d.jpeg
Wsaree0005black,sar5a.jpeg,sar5b.jpeg,sar5c.jpeg,sar5d.jpeg
Wsaree0006pink,sar6a.jpeg,sar6b.jpeg,sar6c.jpeg,sar6d.jpeg
Wsaree0007yellow,sar7a.jpeg,sar7b.jpeg,sar7c.jpeg,sar7d.jpeg
Wsaree0008blue,sar8a.jpeg,sar8b.jpeg,sar8c.jpeg,sar8d.jpeg
Wsaree0009blue,sar9a.jpeg,sar9b.jpeg,sar9c.jpeg,sar9d.jpeg
Wsaree0010green,sar10a.jpeg,sar10b.jpeg,sar10c.jpeg,sar10d.jpeg
Wsaree0011blue,sar11a.jpeg,sar11b.jpeg,sar11c.jpeg,sar11d.jpeg
Wsaree0012red,sar12a.jpeg,sar12b.jpeg,sar12c.jpeg,sar12d.jpeg
Wsaree0013gold,sar13a.jpeg,sar13b.jpeg,sar13c.jpeg,sar13d.jpeg
Wsaree0014gold,sar14a.jpeg,sar14b.jpeg,sar14c.jpeg,sar14d.jpeg
Wsaree0015yellow,sar15a.jpeg,sar15b.jpeg,sar15c.jpeg,sar15d.jpeg
Fmen0001multicolored,mfoot1a.jpg,mfoot1b.jpg,mfoot1c.jpg,mfoot1d.jpg
Fmen0002white,mfoot2a.jpg,mfoot2b.jpg,mfoot2c.jpg,mfoot2d.jpg
Fmen0003brown,mfoot3a.jpg,mfoot3b.jpg,mfoot3c.jpg,mfoot3d.jpg
Fmen0004grey,mfoot4a.jpg,mfoot4b.jpg,mfoot4c.jpg,mfoot4d.jpg
Fmen0005blue,mfoot5a.jpg,mfoot5b.jpg,mfoot5c.jpg,mfoot5d.jpg
Fmen0006brown,mfoot6a.jpg,mfoot6b.jpg,mfoot6c.jpg,mfoot6d.jpg
Fmen0007black,mfoot7a.jpg,mfoot7b.jpg,mfoot7c.jpg,mfoot7d.jpg
Fmen0008blue,mfoot8a.jpg,mfoot8b.jpg,mfoot8c.jpg,mfoot8d.jpg
Fmen0009green,mfoot9a.jpg,mfoot9b.jpg,mfoot9c.jpg,mfoot9d.jpg
Fmen0010brown,mfoot10a.jpg,mfoot10b.jpg,mfoot10c.jpg,mfoot10d.jpg
Fmen0011blue,mfoot11a.jpg,mfoot11b.jpg,mfoot11c.jpg,mfoot11d.jpg
Fmen0012red,mfoot12a.jpg,mfoot12b.jpg,mfoot12c.jpg,mfoot12d.jpg
Fmen0013grey,mfoot13a.jpg,mfoot13b.jpg,mfoot13c.jpg,mfoot13d.jpg
Fmen0014black,mfoot14a.jpg,mfoot14b.jpg,mfoot14c.jpg,mfoot14d.jpg
Fmen0015brown,mfoot15a.jpg,mfoot15b.jpg,mfoot15c.jpg,mfoot15d.jpg
ASunGlaSs0001black,sun1a.jpg,sun1b.jpg,sun1c.jpg,sun1d.jpg
ASunGlaSs0002black,sun2a.jpg,sun2b.jpg,sun2c.jpg,sun2d.jpg
ASunGlaSs0003pink,sun3a.jpg,sun3b.jpg,sun3c.jpg,sun3d.jpg
ASunGlaSs0004grey,sun4a.jpg,sun4b.jpg,sun4c.jpg,sun4d.jpg
ASunGlaSs0005blue,sun5a.jpg,sun5b.jpg,sun5c.jpg,sun5d.jpg
ASunGlaSs0006pink,sun6a.jpg,sun6b.jpg,sun6c.jpg,sun6d.jpg
ASunGlaSs0007green,sun7a.jpg,sun7b.jpg,sun7c.jpg,sun7d.jpg
ASunGlaSs0008transparent,sun8a.jpg,sun8b.jpg,sun8c.jpg,sun8d.jpg
ASunGlaSs0009pink,sun9a.jpg,sun9b.jpg,sun9c.jpg,sun9d.jpg
ASunGlaSs0010brown,sun10a.jpg,sun10b.jpg,sun10c.jpg,sun10d.jpg
ASunGlaSs0011black,sun11a.jpg,sun11b.jpg,sun11c.jpg,sun11d.jpg
ASunGlaSs0012green,sun12a.jpg,sun12b.jpg,sun12c.jpg,sun12d.jpg
ASunGlaSs0013brown,sun13a.jpg,sun13b.jpg,sun13c.jpg,sun13d.jpg
ASunGlaSs0014yellow,sun14a.jpg,sun14b.jpg,sun14c.jpg,sun14d.jpg
ASunGlaSs0015brown,sun15a.jpg,sun15b.jpg,sun15c.jpg,sun15d.jpg
Wethinicwear0001pink,len1a.jpeg,len1b.jpeg,len1c.jpeg,len1d.jpeg
Wethinicwear0002red,len2a.jpeg,len2b.jpeg,len2c.jpeg,len2d.jpeg
Wethinicwear0003blue,len3a.jpeg,len3b.jpeg,len3c.jpeg,len3d.jpeg
Wethinicwear0004yellow,len4a.jpeg,len4b.jpeg,len4c.jpeg,len4d.jpeg
Wethinicwear0005blue,len5a.jpeg,len5b.jpeg,len5c.jpeg,len5d.jpeg
Wethinicwear0006grey,len6a.jpeg,len6b.jpeg,len6c.jpeg,len6d.jpeg
Wethinicwear0007pink,len7a.jpeg,len7b.jpeg,len7c.jpeg,len7d.jpeg
Wethinicwear0008blue,len8a.jpeg,len8b.jpeg,len8c.jpeg,len8d.jpeg
Wethinicwear0009yellow,len9a.jpeg,len9b.jpeg,len9c.jpeg,len9d.jpeg
Wethinicwear0010grey,len10a.jpeg,len10b.jpeg,len10c.jpeg,len10d.jpeg
Wethinicwear0011red,len11a.jpeg,len11b.jpeg,len11c.jpeg,len11d.jpeg
Wethinicwear0012yellow,len12a.jpeg,len12b.jpeg,len12c.jpeg,len12d.jpeg
Wethinicwear0013pink,len13a.jpeg,len13b.jpeg,len13c.jpeg,len13d.jpeg
Wethinicwear0014red,len14a.jpeg,len14b.jpeg,len14c.jpeg,len14d.jpeg
Wethinicwear0015pink,len15a.jpeg,len15b.jpeg,len15c.jpeg,len15d.jpeg
Fwomen0001grey,foot1a.jpg,foot1b.jpg,foot1c.jpg,foot1d.jpg
Fwomen0002pink,foot2a.jpg,foot2b.jpg,foot2c.jpg,foot2d.jpg
Fwomen0003yellow,foot3a.jpg,foot3b.jpg,foot3c.jpg,foot3d.jpg
Fwomen0004blue,foot4a.jpg,foot4b.jpg,foot4c.jpg,foot4d.jpg
Fwomen0005pink,foot5a.jpg,foot5b.jpg,foot5c.jpg,foot5d.jpg
Fwomen0006purple,foot6a.jpg,foot6b.jpg,foot6c.jpg,foot6d.jpg
Fwomen0007black,foot7a.jpg,foot7b.jpg,foot7c.jpg,foot7d.jpg
Fwomen0008green,foot8a.jpg,foot8b.jpg,foot8c.jpg,foot8d.jpg
Fwomen0009grey,foot9a.jpg,foot9b.jpg,foot9c.jpg,foot9d.jpg
Fwomen0010grey,foot10a.jpg,foot10b.jpg,foot10c.jpg,foot10d.jpg
Fwomen0011black,foot11a.jpg,foot11b.jpg,foot11c.jpg,foot11d.jpg
Fwomen0012grey,foot12a.jpg,foot12b.jpg,foot12c.jpg,foot12d.jpg
Fwomen0013red,foot13a.jpg,foot13b.jpg,foot13c.jpg,foot13d.jpg
Fwomen0014black,foot14a.jpg,foot14b.jpg,foot14c.jpg,foot14d.jpg
Fwomen0015pink,foot15a.jpg,foot15b.jpg,foot15c.jpg,foot15d.jpg